Visites;;Libellé
Chagall;CHAGM;Célébré maître de la couleur par les artistes et critiques de son temps, l’exposition présentée à Aix est consacrée à la seconde partie de la carrière de l’artiste.
Chagall;CHAGJ;Célébré maître de la couleur par les artistes et critiques de son temps, l’exposition présentée à Aix est consacrée à la seconde partie de la carrière de l’artiste.
Arles;ARLES;Le musée Arles Antique propose cette saison une très belle exposition sur l’armée romaine en partenariat avec le musée d’art classique de Mougins
Carpentras;CARPE;Visite de la nouvelle bibliothèque musée Inguimbertine située dans le magnifique Hôtel Dieu et découverte historique du centre ancien.
Montpellier;MONTP;Venez pousser les portes de ces demeures d’autrefois et découvrez une nouvelle facette de Montpellier. 
Salin de Giraud;SALIN;Une visite insolite, des lieux à découvrir en compagnie de deux habitantes, férues d’histoire et attachées au patrimoine de leur village.
Margeride;MARG;Visite du scénovision de St Alban et de Javols.
Rochessadoule;ROCHE;L’aventure industrielle du charbon et des houillères dans l’arrière-pays gardois à Rochessadoule
Romans sur Isère;ROMAM;La ville de Romans possède un patrimoine architectural et culturel unique dans sa région.
Romans sur Isère;ROMAJ;La ville de Romans possède un patrimoine architectural et culturel unique dans sa région.
Camargue;CAMAR;Un écomusée consacré au cheval de Camargue et aux traditions d’élevage et d’agriculture de la région.
Génolhac;GENOL;Visite de Génolhac, repas à Concoule à la Cézarenque et visite du jardin des Nymphéas.
