"Abdelkader";"Abdelkader"
"Adeline";"Adeline"
"Adolphe";"Adolphe"
"Adrien";"Adrien"
"Adrienne";"Adrienne"
"Agathe";"Agathe"
"Agnes";"Agnès"
"Ahmed";"Ahmed"
"Aicha";"Aïcha"
"Aime";"Aimé"
"Aimee";"Aimée"
"Akila";"Akila"
"Alain";"Alain"
"Alain-Claude";"Alain-Claude"
"Albert";"Albert"
"Albert Yves";"Albert Yves"
"Alberte";"Alberte"
"Alessandra";"Alessandra"
"Alex";"Alex"
"Alexandra";"Alexandra"
"Alexandre";"Alexandre"
"Alexis";"Alexis"
"Alfred";"Alfred"
"Alice";"Alice"
"Alicia";"Alicia"
"Aliette";"Aliette"
"Aline";"Aline"
"Alison";"Alison"
"Alix";"Alix"
"Allan";"Allan"
"Alphonse";"Alphonse"
"Alphonsine";"Alphonsine"
"Alyne";"Alyne"
"Aman";"Aman"
"Amanda";"Amanda"
"Amar";"Amar"
"Amelie";"Amélie"
"Aminadabe";"Aminadabe"
"Amparo";"Amparo"
"Amy";"Amy"
"Ana";"Ana"
"Ana Maria";"Ana Maria"
"Analice";"Analice"
"Anastasie";"Anastasie"
"Andre";"André"
"Andre Kenneth";"André Kenneth"
"Andre Pierre";"André Pierre"
"Andre-Roger";"André-Roger"
"Andrée";"Andrée"
"Andree Gabrielle";"Andrée Gabrielle"
"Andree Marie";"Andrée Marie"
"Andree Paule";"Andrée Paule"
"Andree-Lucile";"Andrée-Lucile"
"Ange";"Ange"
"Angele";"Angèle"
"Angelika";"Angélika"
"Angelina";"Angélina"
"Angeline";"Angeline"
"Angelique";"Angélique"
"Anita";"Anita"
"Anna";"Anna"
"Anna Rita";"Anna Rita"
"Annabel";"Annabel"
"Annaik";"Annaik"
"Annalisa";"Annalisa"
"Anne";"Anne"
"Anne Claire";"Anne Claire"
"Anne Lise";"Anne Lise"
"Anne Marie";"Anne Marie"
"Anne-Colette";"Anne-Colette"
"Anne-Francoise";"Anne-Francoise"
"Anne-Lise";"Anne-Lise"
"Anne-Marie";"Anne-Marie"
"Anne-Sylvie";"Anne-Sylvie"
"Annemarie";"Annemarie"
"Annette";"Annette"
"Annic";"Annic"
"Annick";"Annick"
"Annie";"Annie"
"Annie Claire";"Annie Claire"
"Annie Claude";"Annie Claude"
"Annie Madeleine";"Annie Madeleine"
"Annie-Claude";"Annie-Claude"
"Annie-Reine";"Annie-Reine"
"Annik";"Annik"
"Anny";"Anny"
"Antoine";"Antoine"
"Antoinette";"Antoinette"
"Antonia";"Antonia"
"Antonia Isabelle";"Antonia Isabelle"
"Antonio";"Antonio"
"Any";"Any"
"Any-Claude";"Any-Claude"
"Arcangela";"Arcangela"
"Ariane";"Ariane"
"Arlette";"Arlette"
"Arline";"Arline"
"Armand";"Armand"
"Armand-Noel";"Armand-Noël"
"Armande";"Armande"
"Armelle";"Armelle"
"Arnaud";"Arnaud"
"Arnaud-Andre";"Arnaud-André"
"Arthur";"Arthur"
"Aspasia";"Aspasia"
"Astolphe";"Astolphe"
"Astrid";"Astrid"
"Aube";"Aube"
"Augusta";"Augusta"
"Augustin";"Augustin"
"Augustina";"Augustina"
"Aurelie";"Aurélie"
"Aurore";"Aurore"
"Babeth";"Babeth"
"Bacha";"Bacha"
"Barbara";"Barbara"
"Barthelemy";"Barthélemy"
"Baudouin";"Baudouin"
"Beatrice";"Béatrice"
"Beatrix";"Béatrix"
"Benedicte";"Bénédicte"
"Benoit";"Benoit"
"Bérangère";"Bérangère"
"Berengere";"Bérengère"
"Bernadette";"Bernadette"
"Bernard";"Bernard"
"Berthe";"Berthe"
"Berthie";"Berthie"
"Bertrand";"Bertrand"
"Berty";"Berty"
"Beryl";"Béryl"
"Bethy";"Béthy"
"Betty";"Betty"
"Bianca";"Bianca"
"Blanche";"Blanche"
"Blandine";"Blandine"
"Bopha";"Bopha"
"Boris";"Boris"
"Brigitta";"Brigitta"
"Brigitte";"Brigitte"
"Bronisnava";"Bronisnava"
"Bruno";"Bruno"
"Bruno Antoine";"Bruno Antoine"
"Burkhard";"Burkhard"
"Caline";"Caline"
"Camelia";"Camélia"
"Camille";"Camille"
"Camillette";"Camillette"
"Caridad";"Caridad"
"Carine";"Carine"
"Carinne";"Carinne"
"Carlos";"Carlos"
"Carmel";"Carmel"
"Carmelo";"Carmelo"
"Carmen";"Carmen"
"Carol";"Carol"
"Carola";"Carola"
"Carole";"Carole"
"Caroline";"Caroline"
"Catalina";"Catalina"
"Catherine";"Catherine"
"Cathie";"Cathie"
"Cathy";"Cathy"
"Cecile";"Cécile"
"Cécilia";"Cécilia"
"Celia";"Célia"
"Celine";"Céline"
"Cendrine";"Cendrine"
"Cesar";"César"
"Chantal";"Chantal"
"Charles";"Charles"
"Charles Therese";"Charles Thérèse"
"Charlette";"Charlette"
"Charlotte";"Charlotte"
"Cherifa";"Chérifa"
"Chong";"Chong"
"Chris";"Chris"
"Christa";"Christa"
"Christabel";"Christabel"
"Christel";"Christel"
"Christelle";"Christelle"
"Christian";"Christian"
"Christiane";"Christiane"
"Christianne";"Christianne"
"Christiian";"Christian"
"Christine";"Christine"
"Christine-Marie";"Christine-Marie"
"Christine-Rejane";"Christine-Réjane"
"Christophe";"Christophe"
"Ciriaco";"Ciriaco"
"Claire";"Claire"
"Claire Lise";"Claire Lise"
"Claire-Anne";"Claire-Anne"
"Claire-Lise";"Claire-Lise"
"Claire-Myriam";"Claire-Myriam"
"Clara";"Clara"
"Clarisse";"Clarisse"
"Claude";"Claude"
"Claude Marie";"Claude Marie"
"Claude-Marie";"Claude-Marie"
"Claudette";"Claudette"
"Claudia";"Claudia"
"Claudie";"Claudie"
"Claudine";"Claudine"
"Claudy";"Claudy"
"Clement";"Clément"
"Colette";"Colette"
"Colombe";"Colombe"
"Concepcion";"Concepcion"
"Conception";"Conception"
"Constantin";"Constantin"
"Consuelo";"Consuelo"
"Coralie";"Coralie"
"Corine";"Corine"
"Corinne";"Corinne"
"Cornelia";"Cornélia"
"Coryn";"Coryn"
"Coryne";"Coryne"
"Corynne";"Corynne"
"Cyprien";"Cyprien"
"Cyril";"Cyril"
"Cyrille";"Cyrille"
"Czestowa";"Czestowa"
"D.";"D."
"Daguy";"Daguy"
"Daisy";"Daisy"
"Dalia";"Dalia"
"Dalila";"Dalila"
"Dana";"Dana"
"Daniel";"Daniel"
"Daniele";"Danièle"
"Daniele-France";"Danièle-France"
"Danielle";"Danielle"
"Dannielle";"Dannielle"
"Dany";"Dany"
"Danyele";"Danyèle"
"Darius";"Darius"
"David";"David"
"Deborah";"Déborah"
"Delphine";"Delphine"
"Demenagement";"Déménagement"
"Denis";"Denis"
"Denise";"Denise"
"Dennis";"Dennis"
"Denys";"Denys"
"Denyse";"Denyse"
"Didier";"Didier"
"Dimitri";"Dimitri"
"Dolia";"Dolia"
"Dolores";"Dolorès"
"Dominique";"Dominique"
"Dominique Henry";"Dominique Henry"
"Domy";"Domy"
"Donia";"Donia"
"Dorellida";"Dorellida"
"Doriane";"Doriane"
"Doris";"Doris"
"Dorothee";"Dorothée"
"Edgard";"Edgard"
"Edith";"Edith"
"Edmée";"Edmée"
"Edmond";"Edmond"
"Edmonde";"Edmonde"
"Edouard";"Edouard"
"Edward";"Edward"
"Edwige";"Edwige"
"Eglantine";"Eglantine"
"Elaine";"Elaine"
"Elde";"Elde"
"Elena";"Eléna"
"Eleonore";"Eléonore"
"Elia";"Elia"
"Eliana";"Eliana"
"Eliane";"Eliane"
"Elie";"Elie"
"Eliette";"Eliette"
"Elio";"Elio"
"Elisabeth";"Elisabeth"
"Elise";"Elise"
"Elita";"Elita"
"Elizabeth";"Elizabeth"
"Elodie";"Elodie"
"Eloi";"Eloi"
"Eloise";"Eloïse"
"Elsbeth";"Elsbeth"
"Elvire";"Elvire"
"Elyane";"Elyane"
"Elyette";"Elyette"
"Emery";"Emery"
"Emile";"Emile"
"Emilie";"Emilie"
"Emilienne";"Emilienne"
"Emmanuel";"Emmanuel"
"Emmanuelle";"Emmanuelle"
"Emy";"Emy"
"Erent";"Erent"
"Eric";"Eric"
"Erick";"Erick"
"Erika";"Erika"
"Ernest";"Ernest"
"Esperance";"Espérance"
"Esteban";"Estéban"
"Estelle";"Estelle"
"Esthella";"Esthella"
"Esther";"Esther"
"Etienne";"Etienne"
"Etienne Hubert";"Etienne Hubert"
"Etiennette";"Etiennette"
"Eugene";"Eugène"
"Eugenie";"Eugénie"
"Eva";"Eva"
"Evangeline";"Evangeline"
"Eve";"Eve"
"Eveline";"Eveline"
"Evelyne";"Evelyne"
"Fabienne";"Fabienne"
"Fanny";"Fanny"
"Farida";"Farida"
"Fatima";"Fatima"
"Fatma";"Fatma"
"Felicie";"Félicie"
"Felicie Madelaine";"Félicie Madelaine"
"Felicienne";"Félicienne"
"Fernand";"Fernand"
"Fernande";"Fernande"
"Fetze";"Fetze"
"Fidela";"Fidéla"
"Fiorina";"Fiorina"
"Flavia";"Flavia"
"Floreal";"Floréal"
"Florence";"Florence"
"Florentine";"Florentine"
"Florette";"Florette"
"Florian";"Florian"
"France";"France"
"France Lise";"France Lise"
"Francette";"Francette"
"Francine";"Francine"
"Francis";"Francis"
"Francisco";"Francisco"
"Franck";"Franck"
"Franco";"Franco"
"Francois";"François"
"Francoise";"Françoise"
"Francoise Lucienne";"Françoise Lucienne"
"Francoise Sophie";"Françoise Sophie"
"Francoise-Anne";"Françoise-Anne"
"Francoise-Mireille";"Françoise-Mireille"
"Frank";"Frank"
"Freddy";"Freddy"
"Frederic";"Frédéric"
"Frederica";"Frédérica"
"Fredericke";"Frédéricke"
"Frederique";"Frédérique"
"Gabriel";"Gabriel"
"Gabrielle";"Gabrielle"
"Gaby";"Gaby"
"Gaelle";"Gaëlle"
"Galina";"Galina"
"Gaston";"Gaston"
"Geesje";"Geesje"
"Genevieve";"Geneviève"
"Georges";"Georges"
"Georges Pierre";"Georges Pierre"
"Georgette";"Georgette"
"Georgia";"Georgia"
"Gerald";"Gérald"
"Geraldine";"Géraldine"
"Gerard";"Gérard"
"Gerard Ernest";"Gérard Ernest"
"Gerard Louis";"Gérard Louis"
"Gerd";"Gerd"
"Germain";"Germain"
"Germaine";"Germaine"
"Ghania";"Ghania"
"Ghislaine";"Ghislaine"
"Ghyslaine";"Ghyslaine"
"Gilbert";"Gilbert"
"Gilberte";"Gilberte"
"Gilda";"Gilda"
"Gilles";"Gilles"
"Gillette";"Gillette"
"Ginest";"Ginest"
"Ginette";"Ginette"
"Ginette Juliette";"Ginette Juliette"
"Gino";"Gino"
"Giovanna";"Giovanna"
"Giovanni";"Giovanni"
"Giro";"Giro"
"Gisele";"Gisèle"
"Giuseppina";"Giuseppina"
"Gladys";"Gladys"
"Graziella";"Graziella"
"Gregorine";"Grégorine"
"Greta";"Gréta"
"Guilaine";"Guilaine"
"Guilhem";"Guilhem"
"Guillaume";"Guillaume"
"Guillemette";"Guillemette"
"Guy";"Guy"
"Guy - Pierre";"Guy - Pierre"
"Guylaine";"Guylaine"
"Gwennaelle";"Gwennaelle"
"Gyslaine ";"Gyslaine "
"Hamid";"Hamid"
"Hanifa";"Hanifa"
"Hanna";"Hanna"
"Hannelore";"Hannelore"
"Hans Beat";"Hans Beat"
"Hassene";"Hassène"
"Heidrun";"Heidrun"
"Heike";"Heike"
"Helene";"Hélène"
"Helene Claudette";"Hélène Claudette"
"Helene Therese";"Hélène Thérèse"
"Heliette";"Héliette"
"Henri";"Henri"
"Henri Jacques";"Henri Jacques"
"Henri Michel";"Henri Michel"
"Henriette";"Henriette"
"Henry";"Henry"
"Hermine";"Hermine"
"Herve";"Hervé"
"Hilary";"Hilary"
"Hilde";"Hilde"
"Hinda";"Hinda"
"Honoré";"Honoré"
"Horst";"Horst"
"Hubert";"Hubert"
"Hughette";"Hughette"
"Hugues";"Hugues"
"Huguette";"Huguette"
"Hyun-Min";"Hyun-Min"
"Iberia";"Ibéria"
"Ida";"Ida"
"Idelette";"Idelette"
"Idris";"Idris"
"Ineke";"Ineke"
"Ines";"Inès"
"Ingeborg";"Ingeborg"
"Ingel";"Ingel"
"Ingrid";"Ingrid"
"Irene";"Irène"
"Irina";"Irina"
"Iris";"Iris"
"Irma";"Irma"
"Isabel";"Isabel"
"Isabelle";"Isabelle"
"Isidore";"Isidore"
"Ismène";"Ismène"
"Jac";"Jac"
"Jack";"Jack"
"Jackie";"Jackie"
"Jacky";"Jacky"
"Jackye";"Jackye"
"Jacquelin";"Jacquelin"
"Jacqueline";"Jacqueline"
"Jacqueline-Emilien";"Jacqueline-Emilien"
"Jacques";"Jacques"
"Jacquie";"Jacquie"
"Jacquot";"Jacquot"
"Jamila";"Jamila"
"Jan";"Jan"
"Jane";"Jane"
"Janette";"Janette"
"Janick";"Janick"
"Janie";"Janie"
"Janine";"Janine"
"Janny";"Janny"
"Jany";"Jany"
"Jaqueline";"Jaqueline"
"Jasmine";"Jasmine"
"Jasques";"Jasques"
"Jean";"Jean"
"Jean Alain";"Jean Alain"
"Jean Andre Louis";"Jean André Louis"
"Jean Antoine";"Jean Antoine"
"Jean Bernard";"Jean Bernard"
"Jean Charles";"Jean Charles"
"Jean Claude";"Jean Claude"
"Jean Daniel";"Jean Daniel"
"Jean Francois";"Jean François"
"Jean Henri";"Jean Henri"
"Jean Jacques";"Jean Jacques"
"Jean Joseph";"Jean Joseph"
"Jean Louis";"Jean Louis"
"Jean Luc";"Jean Luc"
"Jean Marc";"Jean Marc"
"Jean Marcel";"Jean Marcel"
"Jean Marie";"Jean Marie"
"Jean Martin";"Jean Martin"
"Jean Max";"Jean Max"
"Jean Michel";"Jean Michel"
"Jean Noel";"Jean Noël"
"Jean Paul";"Jean Paul"
"Jean Philippe";"Jean Philippe"
"Jean Pierre";"Jean Pierre"
"Jean Regis";"Jean Régis"
"Jean Rene";"Jean René"
"Jean Robert";"Jean Robert"
"Jean Yves";"Jean Yves"
"Jean-Alain";"Jean-Alain"
"Jean-Baptiste";"Jean-Baptiste"
"Jean-Charles";"Jean-Charles"
"Jean-Claude";"Jean-Claude"
"Jean-Dominique";"Jean-Dominique"
"Jean-Francois";"Jean-François"
"Jean-Gabriel";"Jean-Gabriel"
"Jean-Guy";"Jean-Guy"
"Jean-Jacques";"Jean-Jacques"
"Jean-Louis";"Jean-Louis"
"Jean-Loup";"Jean-Loup"
"Jean-Luc";"Jean-Luc"
"Jean-Luc Antoine";"Jean-Luc Antoine"
"Jean-Marc";"Jean-Marc"
"Jean-Marie";"Jean-Marie"
"Jean-Michel";"Jean-Michel"
"Jean-Noel";"Jean-Noël"
"Jean-Paul";"Jean-Paul"
"Jean-Philippe";"Jean-Philippe"
"Jean-Pierre";"Jean-Pierre"
"Jean-Pierre Bernar";"Jean-Pierre Bernar"
"Jean-Pierre²";"Jean-Pierre"
"Jean-Regis";"Jean-Régis"
"Jean-Roger";"Jean-Roger"
"Jean-Yves";"Jean-Yves"
"Jeanette";"Jeanette"
"Jeanie";"Jeanie"
"Jeanine";"Jeanine"
"Jeanne";"Jeanne"
"Jeanne Claire";"Jeanne Claire"
"Jeanne Elisabeth";"Jeanne Elisabeth"
"Jeanne Lise";"Jeanne Lise"
"Jeanne-Marie";"Jeanne-Marie"
"Jeannette";"Jeannette"
"Jeannie";"Jeannie"
"Jeannine";"Jeannine"
"Jeanny";"Jeanny"
"Jerome";"Jérome"
"Jerry";"Jerry"
"Jo";"Jo"
"Joachim";"Joachim"
"Joan";"Joan"
"Joaquin";"Joaquin"
"Jocelyn";"Jocelyn"
"Jocelyne";"Jocelyne"
"Joel";"Joel"
"Joelle";"Joelle"
"Joelle Marie";"Joelle Marie"
"Johan";"Johan"
"Johann";"Johann"
"Johanna";"Johanna"
"Johanne";"Johanne"
"Johannes";"Johannes"
"Jordy";"Jordy"
"Jorgie";"Jorgie"
"Jose";"José"
"Jose Michel";"José Michel"
"Josee";"Josée"
"Joselle";"Joselle"
"Joselyne";"Joselyne"
"Joseph";"Joseph"
"Joséphine";"Joséphine"
"Josette";"Josette"
"Josiane";"Josiane"
"Josianne";"Josianne"
"Josie";"Josie"
"Josseline";"Josseline"
"Josselyne";"Josselyne"
"Josy";"Josy"
"Josy-Paule";"Josy-Paule"
"Josyane";"Josyane"
"Josyanne";"Josyanne"
"Josyne";"Josyne"
"Joyce";"Joyce"
"Juan Emilio";"Juan Emilio"
"Juan Fernando";"Juan Fernando"
"Juana";"Juana"
"Judith";"Judith"
"Julia";"Julia"
"Julie";"Julie"
"Julie-Anna";"Julie-Anna"
"Julien";"Julien"
"Julienne";"Julienne"
"Juliette";"Juliette"
"Julio";"Julio"
"Jutta";"Jutta"
"Kamatchi";"Kamatchi"
"Karin";"Karin"
"Karine";"Karine"
"Katalin";"Katalin"
"Kataline";"Kataline"
"Katerine";"Katerine"
"Katherine";"Katherine"
"Kathy";"Kathy"
"Katia";"Katia"
"Katja";"Katja"
"Katty";"Katty"
"Katy";"Katy"
"Kelli";"Kelli"
"Kemal";"Kémal"
"Kheira";"Kheira"
"Kyoko";"Kyoko"
"Ladislas";"Ladislas"
"Lala";"Lala"
"Lalasahondra";"Lalasahondra"
"Laure";"Laure"
"Laurence";"Laurence"
"Laurent";"Laurent"
"Laurette";"Laurette"
"Laurianne";"Laurianne"
"Laurie";"Laurie"
"Lea";"Léa"
"Leo";"Léo"
"Léon";"Léon"
"Leone";"Léone"
"Leonide";"Léonide"
"Leonie";"Léonie"
"Leopold";"Léopold"
"Leslie";"Leslie"
"Liberine";"Libérine"
"Liberta";"Liberta"
"Liberto";"Liberto"
"Lidia";"Lidia"
"Lila";"Lila"
"Lili";"Lili"
"Lilian";"Lilian"
"Lilian-Pauline";"Lilian-Pauline"
"Liliane";"Liliane"
"Lilyane";"Lilyane"
"Lina";"Lina"
"Linda";"Linda"
"Line";"Line"
"Lionel";"Lionel"
"Lioudmila";"Lioudmila"
"Lisbeth";"Lisbeth"
"Lise";"Lise"
"Lisette";"Lisette"
"Lisiane";"Lisiane"
"Livia";"Livia"
"Loic";"Loic"
"Lola";"Lola"
"Lolita";"Lolita"
"Loredana";"Loredana"
"Loriano";"Loriano"
"Lorrain";"Lorrain"
"Lorraine";"Lorraine"
"Lou";"Lou"
"Louis";"Louis"
"Louis Jacques";"Louis Jacques"
"Louis Jean";"Louis Jean"
"Louis Marie";"Louis Marie"
"Louis Michel";"Louis Michel"
"Louis Philippe";"Louis Philippe"
"Louis Sauveur";"Louis Sauveur"
"Louis-Andre";"Louis-André"
"Louis-Paul";"Louis-Paul"
"Louis-Yves";"Louis-Yves"
"Louisa";"Louisa"
"Louise";"Louise"
"Louise Helene";"Louise Hélène"
"Louisette";"Louisette"
"Loup";"Loup"
"Lourdes";"Lourdes"
"Loys";"Loys"
"Lua";"Lua"
"Luc";"Luc"
"Luce";"Luce"
"Luce Marie";"Luce Marie"
"Lucette";"Lucette"
"Lucie";"Lucie"
"Lucien";"Lucien"
"Lucienne";"Lucienne"
"Lucile";"Lucile"
"Luis";"Luis"
"Lydia";"Lydia"
"Lydie";"Lydie"
"Lyliane";"Lyliane"
"Lyne";"Lyne"
"Lynn";"Lynn"
"Lyse";"Lyse"
"Lysiane";"Lysiane"
"Lysianne";"Lysianne"
"M-Francoise";"M-Françoise"
"M-Marie";"M-Marie"
"M. F.";"M. F."
"M. Françoise";"M. Françoise"
"M. Madeleine";"M. Madeleine"
"Maddy";"Maddy"
"Madelaine";"Madelaine"
"Madeleine";"Madeleine"
"Madeleine Francois";"Madeleine François"
"Madène";"Madène"
"Madiana";"Madiana"
"Madou";"Madou"
"Mady";"Mady"
"Magali";"Magali"
"Magaly";"Magaly"
"Maggy";"Maggy"
"Maguy";"Maguy"
"Maia";"Maia"
"Maite";"Maité"
"Maïthe";"Maïthé"
"Malika";"Malika"
"Mandine";"Mandine"
"Manolita";"Manolita"
"Manu";"Manu"
"Manuel";"Manuel"
"Manuela";"Manuela"
"Mar'Yvonne";"Mar'Yvonne"
"Marc";"Marc"
"Marcel";"Marcel"
"Marcell";"Marcell"
"Marcelle";"Marcelle"
"Marcelle Sophie";"Marcelle Sophie"
"Marcelline";"Marcelline"
"Marcelyne";"Marcelyne"
"Margaret";"Margaret"
"Margarita";"Margarita"
"Margit";"Margit"
"Margot";"Margot"
"Marguerite";"Marguerite"
"Marguerite Marie";"Marguerite Marie"
"Mari-Claude";"Mari-Claude"
"Maria";"Maria"
"Maria Del Pilar";"Maria Del Pilar"
"Maria Paz";"Maria Paz"
"Maria Pilar";"Maria Pilar"
"Maria-Paz";"Maria-Paz"
"Marialyne";"Marialyne"
"Marian";"Marian"
"Marianka";"Marianka"
"Marianne";"Marianne"
"Mariano";"Mariano"
"Marie";"Marie"
"Marie Agnes";"Marie Agnès"
"Marie Aimee";"Marie Aimée"
"Marie Andree";"Marie Andrée"
"Marie Ange";"Marie Ange"
"Marie Anne";"Marie Anne"
"Marie Annick";"Marie Annick"
"Marie Antoinette";"Marie Antoinette"
"Marie Augustine";"Marie Augustine"
"Marie Bernadette";"Marie Bernadette"
"Marie Blanche";"Marie Blanche"
"Marie Carmen";"Marie Carmen"
"Marie Caroline";"Marie Caroline"
"Marie Chantal";"Marie Chantal"
"Marie Christine";"Marie Christine"
"Marie Claire";"Marie Claire"
"Marie Claude";"Marie Claude"
"Marie Denise";"Marie Denise"
"Marie Dominique";"Marie Dominique"
"Marie Elisabeth";"Marie Elisabeth"
"Marie Eugenie";"Marie Eugénie"
"Marie Fernande";"Marie Fernande"
"Marie France";"Marie France"
"Marie Francoise";"Marie Françoise"
"Marie Genevieve";"Marie Geneviève"
"Marie Ghyslaine";"Marie Ghyslaine"
"Marie Ginette";"Marie Ginette"
"Marie Gisele";"Marie Gisèle"
"Marie Helene";"Marie Hélène"
"Marie Henriette";"Marie Henriette"
"Marie Ines";"Marie Inès"
"Marie Jane";"Marie Jane"
"Marie Jeanne";"Marie Jeanne"
"Marie Jo";"Marie Jo"
"Marie Jose";"Marie José"
"Marie Josee";"Marie Josée"
"Marie Josephe";"Marie Josèphe"
"Marie Josette";"Marie Josette"
"Marie Laure";"Marie Laure"
"Marie Line";"Marie Line"
"Marie Lise";"Marie Lise"
"Marie Louise";"Marie Louise"
"Marie Luce";"Marie Luce"
"Marie Madeleine";"Marie Madeleine"
"Marie Martine";"Marie Martine"
"Marie Mathilde";"Marie Mathilde"
"Marie Michele";"Marie Michèle"
"Marie Noele";"Marie Noële"
"Marie Noelle";"Marie Noëlle"
"Marie Odile";"Marie Odile"
"Marie Pascale";"Marie Pascale"
"Marie Paule";"Marie Paule"
"Marie Pierre";"Marie Pierre"
"Marie Reine";"Marie Reine"
"Marie Renee";"Marie Renée"
"Marie Rita";"Marie Rita"
"Marie Rose";"Marie Rose"
"Marie The";"Marie Thé"
"Marie Therese";"Marie Thérèse"
"Marie Xaviere";"Marie Xavière"
"Marie-Agnes";"Marie-Agnès"
"Marie-Alberte";"Marie-Alberte"
"Marie-Alice";"Marie-Alice"
"Marie-Aline";"Marie-Aline"
"Marie-Andree";"Marie-Andrée"
"Marie-Ange";"Marie-Ange"
"Marie-Anne";"Marie-Anne"
"Marie-Annick";"Marie-Annick"
"Marie-Antoinette";"Marie-Antoinette"
"Marie-Armelle";"Marie-Armelle"
"Marie-Blanche";"Marie-Blanche"
"Marie-Blandine";"Marie-Blandine"
"Marie-Carmen";"Marie-Carmen"
"Marie-Catherine";"Marie-Catherine"
"Marie-Cecile";"Marie-Cécile"
"Marie-Chantal";"Marie-Chantal"
"Marie-Charlotte";"Marie-Charlotte"
"Marie-Christel";"Marie-Christel"
"Marie-Christine";"Marie-Christine"
"Marie-Claire";"Marie-Claire"
"Marie-Claude";"Marie-Claude"
"Marie-Dominique";"Marie-Dominique"
"Marie-Elisabeth";"Marie-Elisabeth"
"Marie-France";"Marie-France"
"Marie-Francoise";"Marie-Françoise"
"Marie-Genevieve";"Marie-Geneviève"
"Marie-Helene";"Marie-Hélène"
"Marie-Jasmine";"Marie-Jasmine"
"Marie-Jeanne";"Marie-Jeanne"
"Marie-Joelle";"Marie-Joelle"
"Marie-Jose";"Marie-José"
"Marie-Josee";"Marie-Josée"
"Marie-Josephe";"Marie-Josèphe"
"Marie-Laure";"Marie-Laure"
"Marie-Line";"Marie-Line"
"Marie-Lise";"Marie-Lise"
"Marie-Lola";"Marie-Lola"
"Marie-Louise";"Marie-Louise"
"Marie-Luce";"Marie-Luce"
"Marie-Madeleine";"Marie-Madeleine"
"Marie-Martine";"Marie-Martine"
"Marie-Noële";"Marie-Noële"
"Marie-Noelle";"Marie-Noëlle"
"Marie-Odile";"Marie-Odile"
"Marie-Paule";"Marie-Paule"
"Marie-Pierre";"Marie-Pierre"
"Marie-Pierrette";"Marie-Pierrette"
"Marie-Reine";"Marie-Reine"
"Marie-Rose";"Marie-Rose"
"Marie-Suzanne";"Marie-Suzanne"
"Marie-The";"Marie-Thé"
"Marie-Therese";"Marie-Thérèse"
"Marie-Théreze";"Marie-Thérèze"
"Mariel";"Mariel"
"Mariele";"Marièle"
"Marielle";"Marielle"
"Mariette";"Mariette"
"Marika";"Marika"
"Marily";"Marily"
"Marilyn";"Marilyn"
"Marilyne";"Marilyne"
"Marilyse";"Marilyse"
"Marine";"Marine"
"Marinette";"Marinette"
"Marion";"Marion"
"Marisa";"Marisa"
"Marise";"Marise"
"Marisol";"Marisol"
"Marita";"Marita"
"Marithe";"Marithé"
"Marius";"Marius"
"Marjolijn";"Marjolijn"
"Marlene";"Marlène"
"Marlise";"Marlise"
"Marthe";"Marthe"
"Martial";"Martial"
"Martina";"Martina"
"Martine";"Martine"
"Martine Barbara";"Martine Barbara"
"Mary Christina";"Mary Christina"
"Mary Jose";"Mary José"
"Mary-Ange";"Mary-Ange"
"Mary-France";"Mary-France"
"Mary-Jane";"Mary-Jane"
"Mary-Lou";"Mary-Lou"
"Marylène";"Marylène"
"Maryline";"Maryline"
"Marylise";"Marylise"
"Maryse";"Maryse"
"Marysol";"Marysol"
"Maryvonne";"Maryvonne"
"Mathieu";"Mathieu"
"Mathilde";"Mathilde"
"Maud";"Maud"
"Maurice";"Maurice"
"Maurice-Etienne";"Maurice-Etienne"
"Mauricette";"Mauricette"
"Max";"Max"
"Maxime";"Maxime"
"Maximin";"Maximin"
"Melie";"Mélie"
"Melvil";"Melvil"
"Mercedes";"Mercédes"
"Mercedez";"Mercédez"
"Meriem";"Mériem"
"Merien";"Mérien"
"Mi";"Mi"
"Michel";"Michel"
"Michel Honore";"Michel Honoré"
"Michela";"Michèla"
"Michele";"Michèle"
"Michele Marie";"Michèle Marie"
"Micheline";"Micheline"
"Michelle";"Michelle"
"Michiyo";"Michiyo"
"Minh";"Minh"
"Mireille";"Mireille"
"Mireille Renee";"Mireille Renée"
"Mirko";"Mirko"
"Mme";"Mme"
"Moahmed";"Moahmed"
"Mohamed";"Mohamed"
"Mokrane";"Mokrane"
"Mona";"Mona"
"Monica";"Monica"
"Monika";"Monika"
"Monique";"Monique"
"Monique-Camille";"Monique-Camille"
"Monserrate";"Monserrate"
"Mont Serrat";"Mont Serrat"
"Montserrat";"Montserrat"
"Moro";"Moro"
"Muguette";"Muguette"
"Muriel";"Muriel"
"Murielle";"Murielle"
"Mylene";"Mylène"
"Mylvia";"Mylvia"
"Myriam";"Myriam"
"Myriame";"Myriame"
"Myrianne";"Myrianne"
"Myrielle";"Myrielle"
"Nadege";"Nadège"
"Nadia";"Nadia"
"Nadia Houria";"Nadia Houria"
"Nadine";"Nadine"
"Najet";"Najet"
"Nancy";"Nancy"
"Nassiba";"Nassiba"
"Nat";"Nat"
"Nathalie";"Nathalie"
"Neli";"Néli"
"Nelly";"Nelly"
"Nereida";"Néreida"
"Nessim";"Nessim"
"Nicolas";"Nicolas"
"Nicole";"Nicole"
"Nicolette";"Nicolette"
"Nicolle";"Nicolle"
"Nina";"Nina"
"Niramol";"Niramol"
"Noa-Noa";"Noa-Noa"
"Noel";"Noël"
"Noel Antoine";"Noël Antoine"
"Noele";"Noële"
"Noelle";"Noëlle"
"Norbert";"Norbert"
"Nuria";"Nuria"
"Oceola";"Océola"
"Odette";"Odette"
"Odile";"Odile"
"Ody";"Ody"
"Olegario";"Olégario"
"Olga";"Olga"
"Olivier";"Olivier"
"Oriana";"Oriana"
"Otello";"Otello"
"Ourdia";"Ourdia"
"Ourdia Rose";"Ourdia Rose"
"Ozgul";"Ozgul"
"Palmire";"Palmire"
"Palmyre";"Palmyre"
"Paquerette";"Paquerette"
"Paquita";"Paquita"
"Pascal";"Pascal"
"Pascale";"Pascale"
"Pascaline";"Pascaline"
"Patrice";"Patrice"
"Patrice Joel";"Patrice Joel"
"Patricia";"Patricia"
"Patricia Henriette";"Patricia Henriette"
"Patrick";"Patrick"
"Paul";"Paul"
"Paul-Emile";"Paul-Emile"
"Paula";"Paula"
"Paule";"Paule"
"Paule Aline";"Paule Aline"
"Paule Marie";"Paule Marie"
"Paulette";"Paulette"
"Pauline";"Pauline"
"Pedro";"Pedro"
"Perrine";"Perrine"
"Peter";"Peter"
"Philippe";"Philippe"
"Philips";"Philips"
"Phongsmouth";"Phongsmouth"
"Pia";"Pia"
"Pierr";"Pierr"
"Pierre";"Pierre"
"Pierre Alain";"Pierre Alain"
"Pierre Andre";"Pierre André"
"Pierre Edouard";"Pierre Edouard"
"Pierre Francois";"Pierre François"
"Pierre Jean";"Pierre Jean"
"Pierre Leopold";"Pierre Léopold"
"Pierre Louis";"Pierre Louis"
"Pierre Yves";"Pierre Yves"
"Pierre-Alain";"Pierre-Alain"
"Pierre-Jean";"Pierre-Jean"
"Pierre-Louis";"Pierre-Louis"
"Pierre-Vincent";"Pierre-Vincent"
"Pierrette";"Pierrette"
"Pierrine";"Pierrine"
"Pilar";"Pilar"
"Placide";"Placide"
"Pol";"Pol"
"Poldie";"Poldie"
"Prenom";"Prenom"
"Purification";"Purification"
"Rachel";"Rachel"
"Rafael";"Rafael"
"Rama";"Rama"
"Ramona";"Ramona"
"Raoul";"Raoul"
"Raphael";"Raphael"
"Raunakaly";"Raunakaly"
"Raymond";"Raymond"
"Raymonde";"Raymonde"
"Raynald";"Raynald"
"Realidad";"Realidad"
"Rebai";"Rebai"
"Rebecca";"Rébecca"
"Redento";"Rédento"
"Regina";"Régina"
"Regine";"Régine"
"Regis";"Régis"
"Reine";"Reine"
"Reine Marie";"Reine Marie"
"Remi";"Rémi"
"Remy";"Rémy"
"Renaud";"Renaud"
"Rene";"René"
"Rene Claude";"René Claude"
"Rene-Monique";"René-Monique"
"Renee";"Renée"
"Renee Anna";"Renée Anna"
"Reymonde";"Reymonde"
"Richard";"Richard"
"Rita";"Rita"
"Robert";"Robert"
"Robert Olivier";"Robert Olivier"
"Robert-Michel";"Robert-Michel"
"Roberte";"Roberte"
"Robin";"Robin"
"Roger";"Roger"
"Roi";"Roi"
"Roland";"Roland"
"Rolande";"Rolande"
"Rolland";"Rolland"
"Rollande";"Rollande"
"Romain";"Romain"
"Romuald";"Romuald"
"Rosa";"Rosa"
"Rosalie";"Rosalie"
"Rosan";"Rosan"
"Rose";"Rose"
"Rose Aimee";"Rose Aimée"
"Rose France";"Rose France"
"Rose Marguerite";"Rose Marguerite"
"Rose Marie";"Rose Marie"
"Rose-Marie";"Rose-Marie"
"Roseline";"Roseline"
"Roselyne";"Roselyne"
"Rosemarie";"Rosemarie"
"Rosemonde";"Rosemonde"
"Rosetta";"Rosetta"
"Rosette";"Rosette"
"Rosie";"Rosie"
"Rosine";"Rosine"
"Ruddy";"Ruddy"
"Rudy";"Rudy"
"Ruth";"Ruth"
"Ruy";"Ruy"
"Sabine";"Sabine"
"Sabrina";"Sabrina"
"Sahar";"Sahar"
"Salvador";"Salvador"
"Samantha";"Samantha"
"Samia";"Samia"
"Samy";"Samy"
"Sandra";"Sandra"
"Sandrine";"Sandrine"
"Santine";"Santine"
"Sara";"Sara"
"Sarah";"Sarah"
"Sauveur";"Sauveur"
"Semiko";"Semiko"
"Serge";"Serge"
"Sergine";"Sergine"
"Shoko";"Shoko"
"Sibylle";"Sibylle"
"Silvia";"Silvia"
"Silviane";"Silviane"
"Simeon";"Simeon"
"Simone";"Simone"
"Simone Anne";"Simone Anne"
"Simone Lisa";"Simone Lisa"
"Simonne";"Simonne"
"Siobhan";"Siobhan"
"Smail";"Smail"
"Soizic";"Soizic"
"Solange";"Solange"
"Soledad";"Soledad"
"Sonia";"Sonia"
"Sophie";"Sophie"
"Sophy";"Sophy"
"Souad";"Souad"
"Stanislas";"Stanislas"
"Stefano";"Stefano"
"Stella";"Stella"
"Stephan";"Stéphan"
"Stephane";"Stéphane"
"Stephanette";"Stéphanette"
"Stephanie";"Stéphanie"
"Stuart";"Stuart"
"Susan";"Susan"
"Suzanne";"Suzanne"
"Suzel";"Suzel"
"Suzette";"Suzette"
"Suzie";"Suzie"
"Suzy";"Suzy"
"Sybille";"Sybille"
"Sylvain";"Sylvain"
"Sylvaine";"Sylvaine"
"Sylvette";"Sylvette"
"Sylvia";"Sylvia"
"Sylviane";"Sylviane"
"Sylvie";"Sylvie"
"Sylvine";"Sylvine"
"Tanguy";"Tanguy"
"Tania";"Tania"
"Tassadit";"Tassadit"
"Tech-Khen ";"Tech-Khen "
"Teodora";"Téodora"
"Teresa";"Térésa"
"Thedora";"Thédora"
"Theo";"Théo"
"Theresa";"Thérésa"
"Therese";"Thérèse"
"Thereze";"Thérèze"
"Thi Nga";"Thi Nga"
"Thi Ngoc Quynh";"Thi Ngoc Quynh"
"Thibault";"Thibault"
"Thierry";"Thierry"
"Thomé";"Thomé"
"Thu Ba";"Thu Ba"
"Tiffany";"Tiffany"
"Timo";"Timo"
"Tina";"Tina"
"Toffy";"Toffy"
"Trinite";"Trinité"
"Urs";"Urs"
"Valentin";"Valentin"
"Valerie";"Valérie"
"Valli";"Valli"
"Van-Chi";"Van-Chi"
"Veronique";"Véronique"
"Vicky";"Vicky"
"Victoire";"Victoire"
"Victor";"Victor"
"Victoria";"Victoria"
"Victorine";"Victorine"
"Vida";"Vida"
"Vincent";"Vincent"
"Vincente";"Vincente"
"Violette";"Violette"
"Virginia";"Virginia"
"Virginia Angela";"Virginia Angela"
"Virginie";"Virginie"
"Vivette";"Vivette"
"Viviane";"Viviane"
"Volker";"Volker"
"Walter";"Walter"
"Waltraud";"Waltraud"
"Wanda";"Wanda"
"Werner";"Werner"
"Wilfred";"Wilfred"
"William";"William"
"Willy";"Willy"
"Wladimir";"Wladimir"
"Xavier";"Xavier"
"Xaviere";"Xavière"
"Yamina";"Yamina"
"Yanet";"Yanet"
"Yann";"Yann"
"Yanna";"Yanna"
"Yannick";"Yannick"
"Yasmine";"Yasmine"
"Yolaine";"Yolaine"
"Yolande";"Yolande"
"Yolene";"Yolène"
"Yvan";"Yvan"
"Yveline";"Yveline"
"Yvelyne";"Yvelyne"
"Yven";"Yven"
"Yves";"Yves"
"Yves Bernard";"Yves Bernard"
"Yvette";"Yvette"
"Yvon";"Yvon"
"Yvonne";"Yvonne"
"Yvonne Marie";"Yvonne Marie"
"Zaia";"Zaia"
"Zatovonirindretsil";"Zatovonirindretsil"
"Zehira";"Zehira"
"Zofia";"Zofia"
"Zohra";"Zohra"
