AANKO11;ANGLAIS 2a;AAC;
AANKO21;ANGLAIS 2b;AAC;
AANKO31;ANGLAIS 3;AAC;
AANKO41;ANGLAIS 4;AAC;
AAPGY11;GYM DOUCE et relaxation;AAC;
AAPGY12;GYM DOUCE et relaxation;AAC;
AAPGY13;GYM DOUCE et relaxation;AAC;
AAPYO11;YOGA ;AAC;
AARBD11;HISTOIRE DE L'ART Cycle BD ;AEM;
AARCL11;HISTOIRE DE L'ART Cycle CL ;AEM;
AASAS11;ASTRONOMIE ;APS;
AATMU11;PARTAGER LA MUSIQUE ;ASC;
AAVPH11;PHILOSOPHIE ;AEM;
AAVPY11;PSYCHOLOGIE ;AAC;
AAVPY12;PSYCHOLOGIE ;AAC;
ADEDE11;DECOUVERTE ;AAC;
ADEDE12;DECOUVERTE ;AAC;
ADLDL11;DELEGUE(E) ;;
AENEN11;WINDOWS Niveau 1;AAC;
AENEN12;WINDOWS Niveau 1;AAC;
AENEN21;WINDOWS Niveau 2;AAC;
AESVA11;ESPAGNOL 2a;AAC;
AESVA21;ESPAGNOL 2b & 3;AAC;
AESVA41;ESPAGNOL 4;AAC;
AESVA51;ESPAGNOL 5;AAC;
AG1VA11;GOLF 1° SESSION Niveau 1;AGR;
AG1VA12;GOLF 1° SESSION Niveau 1;AGR;
AG1VA21;GOLF 1° SESSION Niveau 2;AGR;
AG1VA22;GOLF 1° SESSION Niveau 2;AGR;
AG2VA11;GOLF 2° SESSION Niveau 1;AGR;
AG2VA12;GOLF 2° SESSION Niveau 1;AGR;
AG2VA21;GOLF 2° SESSION Niveau 2;AGR;
AG2VA22;GOLF 2° SESSION Niveau 2;AGR;
AGPGP11;GEOPOLITIQUE ;ASC;
AGRGR11;RET. PHOTOS ;AAC;
AHICI11;HIST CIVILISATIONS ;ASC;
AHIMO11;HISTOIRE MODERNE ;ASC;
AHIMY11;HIST. MYTHOLOGIES ;AEM;
AHIRE11;HIST. REGIONALE ;ASC;
AHIRU11;HISTOIRE DE LA RUSSIE ;ASC;
AININ11;INTERNET Niveau 1;APS;
AININ21;INTERNET Niveau 2;APS;
AITAU11;ITALIEN 2a;AAC;
AITAU21;ITALIEN 2b;AAC;
AITAU31;ITALIEN 3a;AAC;
AITAU41;ITALIEN 3b;AAC;
AMIFA11;FACEBOOK ;APS;
AMVMV11;MONTAGE VIDEO ;AAC;
AOCPE21;OCCITAN 2;AAC;
AOCPE31;OCCITAN 3;AAC;
APINH11;PILATES ;AAC;
APINH12;PILATES ;AAC;
APOPO11;DIAPORAMA ;AAC;
APUPU11;PAO ;AAC;
ASASA11;SIMPLE ADHERENT ;;
ASONH11;SOPHROLOGIE ;AAC;
ASONH12;SOPHROLOGIE ;AAC;
ATAAN11;TABLETTE ANDROID Niveau 1;APS;
ATAAN21;TABLETTE ANDROID Niveau 2;APS;
ATAIP11;IPAD Niveau 1;APS;
ATAIP21;IPAD Niveau 2;APS;
ATBTB11;TABLEUR ;AAC;
ATTTT11;TRAITEMENT TEXTE ;AAC;
BARNS11;HISTOIRE DE L'ART Cycle NS ;BSC;
BARNS12;HISTOIRE DE L'ART Cycle NS ;BSC;
BARST11;HISTOIRE DE L'ART Cycle ST ;BSC;
BARST12;HISTOIRE DE L'ART Cycle ST ;BSC;
BATMU11;PARTAGER LA MUSIQUE ;BMA;
BAVPH11;PHILOSOPHIE ;BMA;
BBOBO11;BOTANIQUE ;BMF;
BDLDL11;DELEGUE(E) ;;
BG1NP11;GOLF 1°SESSION Niveau 1;BGU;
BG1NP21;GOLF 1°SESSION Niveau 2;BGU;
BG2NP11;GOLF 2°SESSION Niveau 1;BGU;
BG2NP21;GOLF 2°SESSION Niveau 2;BGU;
BGPGP11;GEOPOLITIQUE ;BMA;
BHICN11;HISTOIRE DU CINEMA ;BMA;
BHIMY11;HIST. MYTHOLOGIES et civilisations;BMA;
BHIRU11;HISTOIRE DE LA RUSSIE ;BLP;
GANCH11;ANGLAIS ;GCC;
GANCH21;ANGLAIS ;GCC;
GARRE11;ARCHEOLOGIE REGIONALE ;GCT;
GATMU11;PARTAGER LA MUSIQUE ;GCT;
GDLDL11;DELEGUE(E) ;;
GECEC11;ECONOMIE ;GCT;?
LARHA11;;LVL;?
LATMU11;PARTAGER LA MUSIQUE ;LVH;
LAVLI11;LITTERATURE et cinéma;LVL;
LDLDL11;DELEGUE(E) ;;
LHIMO11;HISTOIRE MODERNE ;LVH;
LHIMS11;HISTOIRE, MEMOIRES, ETAT & SOCIETE ;;
LHIMY11;HIST. MYTHOLOGIES et civilisations;LVL;
LITPO21;ITALIEN 2;LVL;
NACAC11;ACCESS 1;N00;
NANAR11;ANGLAIS 1;N00;
NANAR21;ANGLAIS 2;N00;
NANAR22;ANGLAIS 2;N00;
NANAR31;ANGLAIS 3;N00;
NANAR32;ANGLAIS 3;N00;
NANAR41;ANGLAIS 4;N00;
NANCH11;ANGLAIS 1;N00;
NANCH12;ANGLAIS 1;N00;
NANCH21;ANGLAIS 2;N00;
NANCH31;ANGLAIS 3;N00;
NANCH41;ANGLAIS 4;N00;
NANCH51;ANGLAIS 5;N00;
NANCH52;ANGLAIS 5;N00;
NANCH53;ANGLAIS 5;N00;
NANCHC1;ANGLAIS conversation;N00;
NANCHC2;ANGLAIS conversation;N00;
NANCHC3;ANGLAIS conversation;N00;
NANLA41;ANGLAIS 4;N00;
NANPAC2;ANGLAIS conversation;N00;
NAPAQ11;AQUAGYM Fenouillet;NPF;
NAPAQ21;AQUAGYM Aquatropic;NPA;
NAPAQ22;AQUAGYM Aquatropic;NPA;
NAPAQ31;AQUAGYM Némausa;NPN;
NAPAQ32;AQUAGYM Némausa;NPN;
NAPAQ33;AQUAGYM Némausa;NPN;
NAPAQ41;AQUAGYM Bodypur;NPB;
NAPAQ42;AQUAGYM Bodypur;NPB;
NAPAQ43;AQUAGYM Bodypur;NPB;
NAPGD11;GYM DANCE ;NGL;
NAPYO11;YOGA ;NCM;
NAPYO12;YOGA ;NCM;
NAQAM11;AQUAMIX ;NPB;
NAQAM12;AQUAMIX ;NPB;
NAQAQ11;AQUABIKE ;NPB;
NAQAQ12;AQUABIKE ;NPB;
NAQAQ13;AQUABIKE ;NPB;
NAQAQ14;AQUABIKE ;NPB;
NAQAQ15;AQUABIKE ;NPB;
NAQAQ16;AQUABIKE ;NPB;
NARCL11;HISTOIRE DE L'ART Cycle CL ;N00;
NARCL12;HISTOIRE DE L'ART Cycle CL ;N00;
NARST11;HISTOIRE DE L'ART Cycle ST ;N00;
NARST12;HISTOIRE DE L'ART Cycle ST ;N00;
NASAS11;ASTRONOMIE ;N00;
NATCH11;ATELIER CHANT ;N00;
NATMU11;PARTAGER LA MUSIQUE ;N00;
NATSC11;SCULPTURE MODELAGE ;N00;
NATTH11;EXPRESSION THEATRALE ;N00;
NAVAC11;PHILOSOPHIE DE L'ART CONTEMPORAIN ;N00;
NAVPH11;PHILOSOPHIE découverte;N00;
NAVPH21;PHILOSOPHIE ;N00;
NAVPH22;PHILOSOPHIE ;N00;
NAVPL11;DE LA PEINTURE A LA LITTERATURE ;N00;
NAVPY11;PSYCHOLOGIE ;NMD;
NAVPY12;PSYCHOLOGIE ;NMD;
NBIBI11;BILLARD 1;NBC;
NBIBI21;BILLARD 2;NBC;
NBOBO11;BOTANIQUE ;N00;
NBOBO12;BOTANIQUE ;N00;
NBZMB11;BODY ZEN ;N00;
NBZMB12;BODY ZEN ;N00;
NDEDE11;DECOUVERTE ;N00;
NDEDE12;DECOUVERTE ;N00;
NDLDL11;DELEGUE(E) ;;
NDPAP11;ATELIER PLURIDISCIPLINAIRE ;N00;
NDPAQ21;AQUARELLE 2;N00;
NDPTM11;TECHNIQUES MIXTES ;N00;
NECEC11;ECONOMIE ;N00;
NEN7811;PASSAGE à WINDOWS 10 ;N00;
NEN7812;PASSAGE à WINDOWS 10 ;N00;
NENE111;WINDOWS 10 ;N00;
NENE112;WINDOWS 10 ;N00;
NENE121;WINDOWS 10 Niveau 2;N00;
NENFS11;FONCTIONS SECRETES WINDOWS ;N00;
NENMU21;MULTIMEDIA WINDOWS 10 ;N00;?
NESTH21;ESPAGNOL 2;N00;
NESTH31;ESPAGNOL 3;N00;
NESTH41;ESPAGNOL 4;N00;
NESTH51;ESPAGNOL 5;N00;
NESVA11;ESPAGNOL 1;N00;
NESVA21;ESPAGNOL 2;N00;
NESVA52;ESPAGNOL 5;N00;
NESVAC1;ESPAGNOL Conversation;N00;
NG1MA11;GOLF 1° SESSION VACQUEROLLES 1;NGV;
NG1MA21;GOLF 1° SESSION VACQUEROLLES 2;NGV;
NG1MA31;GOLF 1° SESSION VACQUEROLLES 3;NGV;
NG1MA32;GOLF 1° SESSION VACQUEROLLES 3;NGV;
NG1MA33;GOLF 1° SESSION VACQUEROLLES 3;NGV;
NG1MA34;GOLF 1° SESSION VACQUEROLLES 3;NGV;
NG1RC11;GOLF 1° SESSION CAMPAGNE 1;NGC;
NG1RC21;GOLF 1° SESSION CAMPAGNE 2;NGC;
NG1RC31;GOLF 1° SESSION CAMPAGNE 3;NGC;
NG1RD11;GOLF 1° SESSION VACQUEROLLES 1;NGV;
NG1RD12;GOLF 1° SESSION VACQUEROLLES 1;NGV;
NG1RD21;GOLF 1° SESSION VACQUEROLLES 2;NGV;
NG1RD31;GOLF 1° SESSION VACQUEROLLES 3;NGV;
NG1RD32;GOLF 1° SESSION VACQUEROLLES 3;NGV;
NG1RD33;GOLF 1° SESSION VACQUEROLLES 3;NGV;
NG2MA11;GOLF 2* SESSION VACQUEROLLES 1;NGV;
NG2MA21;GOLF 2* SESSION VACQUEROLLES 2;NGV;
NG2MA31;GOLF 2* SESSION VACQUEROLLES 3;NGV;
NG2MA32;GOLF 2* SESSION VACQUEROLLES 3;NGV;
NG2MA33;GOLF 2* SESSION VACQUEROLLES 3;NGV;
NG2MA34;GOLF 2* SESSION VACQUEROLLES 3;NGV;
NG2RC11;GOLF 2* SESSION CAMPAGNE 1;NGC;
NG2RC21;GOLF 2* SESSION CAMPAGNE 2;NGC;
NG2RC31;GOLF 2* SESSION CAMPAGNE 3;NGC;
NG2RD11;GOLF 2* SESSION VACQUEROLLES 1;NGV;
NG2RD12;GOLF 2* SESSION VACQUEROLLES 1;NGV;
NG2RD21;GOLF 2* SESSION VACQUEROLLES 2;NGV;
NG2RD31;GOLF 2* SESSION VACQUEROLLES 3;NGV;
NG2RD32;GOLF 2* SESSION VACQUEROLLES 3;NGV;
NG2RD33;GOLF 2* SESSION VACQUEROLLES 3;NGV;
NGEGE11;GENEALOGIE ;N00;
NGOPH11;GOOGLE PHOTO ;N00;
NGOPH12;GOOGLE PHOTO ;N00;
NGPGP11;GEOPOLITIQUE ;N00;
NGPGP12;GEOPOLITIQUE ;N00;
NGRGR11;RET. PHOTOS 1;N00;
NGRGR21;RET. PHOTOS 2;N00;
NGTMB11;GYM TONUS ;N00;
NGTNH11;GYM TONIC ;N00;
NGYJE11;GYM DOUCE ;NCM;
NGYLU11;GYM DOUCE ;NCM;
NGYMA11;GYM DOUCE ;NCM;
NGYME11;GYM DOUCE ;NCM;
NHICI11;HIST CIVILISATIONS ;NAD;
NHICO11;HIST CONTEMPORAINE ;N00;
NHIMD11;HISTOIRE DU MONDE ;;
NHIME11;HIST. MEDIEVALE 1;N00;
NHIME21;HIST. MEDIEVALE 2;N00;
NHIMY11;HIST. MYTHOLOGIES 1;N00;
NHIMY21;HIST. MYTHOLOGIES 2;N00;
NHIRA11;HIST ROME ANTIQUE ;N00;
NHIRE11;HIST. REGIONALE ;NAD;
NHIRL11;HISTOIRE DES RELIGIONS ;N00;
NHIRU11;HISTOIRE DE LA RUSSIE ;N00;
NHIRU12;HISTOIRE DE LA RUSSIE ;N00;
NINGO11;GOOGLE-NOUVELLES FONCTIONS ;N00;
NININ11;INTERNET 1;N00;
NININ12;INTERNET 1;N00;
NININ13;INTERNET 1;N00;
NININ21;INTERNET 2;N00;
NININ31;INTERNET 3 Jimdo;N00;
NINSE11;SECURITE SUR INTERNET ;N00;
NINSE12;SECURITE SUR INTERNET ;N00;
NINSP11;INTERNET SITES PRATIQUES ;N00;
NINSP12;INTERNET SITES PRATIQUES ;N00;
NINSP13;INTERNET SITES PRATIQUES ;N00;
NINSP14;INTERNET SITES PRATIQUES ;N00;
NITCR11;ITALIEN 1;N00;
NITCR21;ITALIEN 2;N00;
NITCRC1;ITALIEN Conversation;N00;
NITGA41;ITALIEN 4;N00;
NITGA51;ITALIEN 5;N00;
NITGAC1;ITALIEN Conversation;N00;
NITTR31;ITALIEN 3;N00;
NJAJA11;INITIATION à la CULTURE JAPONAISE Culture japonaise;N00;
NLPLP11;LIVRE PHOTO ;N00;
NLPLP12;LIVRE PHOTO ;N00;
NLPLP13;LIVRE PHOTO ;N00;
NMIFA11;FACEBOOK ;N00;
NMIFA12;FACEBOOK ;N00;
NMIMI11;MESSAGERIE INSTANTANEE Skype;N00;
NMVMV11;MONTAGE VIDEO 1;N00;
NOCPE11;OCCITAN 1 & 2;N00;
NPCPC11;MAINT. PC ;N00;
NPHDE11;DESSIN D APRES NATURE ;N00;
NPHPH11;PEINTURE à L'HUILE ;N00;
NPINH11;PILATES ;N00;
NPINH12;PILATES ;N00;
NPINH13;PILATES ;N00;
NPINH14;PILATES ;N00;
NPOPO11;DIAPORAMA ;N00;
NPUPU11;PAO 1;N00;
NPYAF11;ANALYSES FILMIQUES ;N00;
NQIQI11;QI GONG ;;
NQIQI12;QI GONG ;;
NSASA11;SIMPLE ADHERENT ;;
NSCSC11;SCANNER / IMPRIMER ;N00;
NSOMB11;SOPHROLOGIE ;N00;
NSOMB12;SOPHROLOGIE ;N00;
NSONH11;SOPHROLOGIE ;N00;
NSRSR11;STOCKER ET RANGER LES PHOTOS ;N00;
NSRSR12;STOCKER ET RANGER LES PHOTOS ;N00;
NSRSR13;STOCKER ET RANGER LES PHOTOS ;N00;
NSVSV11;SAUVEGARDE DES DONNEES ;N00;
NTAAN11;TABLETTE ANDROID Initiation;N00;
NTAAN12;TABLETTE ANDROID Initiation;N00;
NTAAN13;TABLETTE ANDROID Initiation;N00;
NTAAN14;TABLETTE ANDROID Initiation;N00;
NTAAN21;TABLETTE ANDROID Perfectionnement;N00;
NTAAN22;TABLETTE ANDROID Perfectionnement;N00;
NTAAN23;TABLETTE ANDROID Perfectionnement;N00;
NTAAN24;TABLETTE ANDROID Perfectionnement;N00;
NTAIP11;IPAD Initiation;N00;
NTAIP12;IPAD Initiation;N00;
NTAIP13;IPAD Initiation;N00;
NTAIP14;IPAD Initiation;N00;
NTAIP21;IPAD Perfectionnement;N00;
NTAIP22;IPAD Perfectionnement;N00;
NTAIP23;IPAD Perfectionnement;N00;
NTAIP24;IPAD Perfectionnement;N00;
NTBTB11;TABLEUR 1;N00;
NTBTB21;TABLEUR 2;N00;
NTBTB31;TABLEUR 3 Atelier;N00;
NTTTT11;TRAITEMENT TEXTE 1;N00;
NTTTT21;TRAITEMENT TEXTE 2;N00;
NTTTT31;TRAITEMENT TEXTE 3;N00;
NYOMB11;YOGA DOUX & RELAXATION ;N00;
NYOMB12;YOGA DOUX & RELAXATION ;N00;
NYOMB13;YOGA DOUX & RELAXATION ;N00;
NYONH11;YOGA DOUX & RELAXATION ;N00;
NYONH12;YOGA DOUX & RELAXATION ;N00;
NYRMB11;YOGA DU RIRE  - Groupe 1;N00;
NYRMB21;YOGA DU RIRE  - Groupe 2;N00;
NYRMB31;YOGA DU RIRE  - Groupe 3;N00;
SARBD11;HISTOIRE DE L'ART Cycle BD ;SLD;
SARCL11;HISTOIRE DE L'ART Cycle CL ;SLD;
SAVAC11;PHILOSOPHIE DE L'ART CONTEMPORAIN ;SLD;
SBOBO11;BOTANIQUE ;SLD;
SDLDL11;DELEGUE(E) ;;
SECEC11;ECONOMIE ;;
SGPGP11;GEOPOLITIQUE ;SLD;
SHIMY11;HIST. MYTHOLOGIES et civilisations;SLD;
VARNS11;HISTOIRE DE L'ART Cycle NS ;VFM;
VARNS12;HISTOIRE DE L'ART Cycle NS ;VFM;
VARST11;HISTOIRE DE L'ART Cycle ST ;VFM;
VARST12;HISTOIRE DE L'ART Cycle ST ;VFM;
VATMU11;PARTAGER LA MUSIQUE ;VFM;
VBOBO11;BOTANIQUE ;;
VBOBO21;BOTANIQUE ;;
VDLDL11;DELEGUE(E) ;;
VGPGP11;GEOPOLITIQUE ;VBV;
VHICN11;HISTOIRE DU CINEMA ;VFM;
VHIMY11;HIST. MYTHOLOGIES et civilisations;VFM;
VHIRU11;HISTOIRE DE LA RUSSIE ;VFM;
VSASA11;SIMPLE ADHERENT ;;
